{
    "name": "root",
    "metadata": {
        "timer_format_version": "0.1.0",
        "start_time_seconds": "1645868586",
        "python_version": "3.7.9 (tags/v3.7.9:13c94747c7, Aug 17 2020, 18:58:18) [MSC v.1900 64 bit (AMD64)]",
        "command_line_arguments": "C:\\Users\\jackl\\Documents\\GitHub\\MLADA-ML-CS\\venv\\Scripts\\mlagents-learn --run-id=MoveToGoal2",
        "mlagents_version": "0.28.0",
        "mlagents_envs_version": "0.28.0",
        "communication_protocol_version": "1.5.0",
        "pytorch_version": "1.7.0+cu110",
        "numpy_version": "1.21.5",
        "end_time_seconds": "1645868795"
    },
    "total": 209.01338819999998,
    "count": 1,
    "self": 0.010318200000000388,
    "children": {
        "run_training.setup": {
            "total": 0.11084969999999994,
            "count": 1,
            "self": 0.11084969999999994
        },
        "TrainerController.start_learning": {
            "total": 208.8922203,
            "count": 1,
            "self": 0.23604200000016817,
            "children": {
                "TrainerController._reset_env": {
                    "total": 9.9921329,
                    "count": 1,
                    "self": 9.9921329
                },
                "TrainerController.advance": {
                    "total": 198.52845879999984,
                    "count": 10780,
                    "self": 0.23161819999887712,
                    "children": {
                        "env_step": {
                            "total": 185.54309620000043,
                            "count": 10780,
                            "self": 152.79112450000056,
                            "children": {
                                "SubprocessEnvManager._take_step": {
                                    "total": 32.604419299999606,
                                    "count": 10780,
                                    "self": 0.6379959999990987,
                                    "children": {
                                        "TorchPolicy.evaluate": {
                                            "total": 31.966423300000507,
                                            "count": 10377,
                                            "self": 18.393421600001027,
                                            "children": {
                                                "TorchPolicy.sample_actions": {
                                                    "total": 13.573001699999478,
                                                    "count": 10377,
                                                    "self": 13.573001699999478
                                                }
                                            }
                                        }
                                    }
                                },
                                "workers": {
                                    "total": 0.14755240000027214,
                                    "count": 10779,
                                    "self": 0.0,
                                    "children": {
                                        "worker_root": {
                                            "total": 138.1784717999999,
                                            "count": 10779,
                                            "is_parallel": true,
                                            "self": 61.11172020000009,
                                            "children": {
                                                "steps_from_proto": {
                                                    "total": 0.0006921999999995876,
                                                    "count": 1,
                                                    "is_parallel": true,
                                                    "self": 0.00031880000000050757,
                                                    "children": {
                                                        "_process_rank_one_or_two_observation": {
                                                            "total": 0.00037339999999908,
                                                            "count": 2,
                                                            "is_parallel": true,
                                                            "self": 0.00037339999999908
                                                        }
                                                    }
                                                },
                                                "UnityEnvironment.step": {
                                                    "total": 77.0660593999998,
                                                    "count": 10779,
                                                    "is_parallel": true,
                                                    "self": 2.0926893000014957,
                                                    "children": {
                                                        "UnityEnvironment._generate_step_input": {
                                                            "total": 2.3565614999994224,
                                                            "count": 10779,
                                                            "is_parallel": true,
                                                            "self": 2.3565614999994224
                                                        },
                                                        "communicator.exchange": {
                                                            "total": 67.26242839999973,
                                                            "count": 10779,
                                                            "is_parallel": true,
                                                            "self": 67.26242839999973
                                                        },
                                                        "steps_from_proto": {
                                                            "total": 5.354380199999152,
                                                            "count": 10779,
                                                            "is_parallel": true,
                                                            "self": 2.907647599998807,
                                                            "children": {
                                                                "_process_rank_one_or_two_observation": {
                                                                    "total": 2.4467326000003453,
                                                                    "count": 21558,
                                                                    "is_parallel": true,
                                                                    "self": 2.4467326000003453
                                                                }
                                                            }
                                                        }
                                                    }
                                                }
                                            }
                                        }
                                    }
                                }
                            }
                        },
                        "trainer_advance": {
                            "total": 12.75374440000052,
                            "count": 10779,
                            "self": 0.30171310000058504,
                            "children": {
                                "process_trajectory": {
                                    "total": 5.262126199999937,
                                    "count": 10779,
                                    "self": 5.262126199999937
                                },