{
    "name": "root",
    "gauges": {
        "MoveToGoal.Policy.Entropy.mean": {
            "value": 1.3489216566085815,
            "min": 1.3489216566085815,
            "max": 1.4092777967453003,
            "count": 5
        },
        "MoveToGoal.Policy.Entropy.sum": {
            "value": 13489.216796875,
            "min": 13489.216796875,
            "max": 14142.1025390625,
            "count": 5
        },
        "MoveToGoal.Step.mean": {
            "value": 49979.0,
            "min": 9971.0,
            "max": 49979.0,
            "count": 5
        },
        "MoveToGoal.Step.sum": {
            "value": 49979.0,
            "min": 9971.0,
            "max": 49979.0,
            "count": 5
        },
        "MoveToGoal.Policy.ExtrinsicValueEstimate.mean": {
            "value": -0.0016432622214779258,
            "min": -0.15675541758537292,
            "max": 0.12138209491968155,
            "count": 5
        },
        "MoveToGoal.Policy.ExtrinsicValueEstimate.sum": {
            "value": -0.28757089376449585,
            "min": -31.82135009765625,
            "max": 21.484630584716797,
            "count": 5
        },
        "MoveToGoal.Losses.PolicyLoss.mean": {
            "value": 0.25180381394149476,
            "min": 0.24028191702748056,
            "max": 0.25180381394149476,
            "count": 5
        },
        "MoveToGoal.Losses.PolicyLoss.sum": {
            "value": 18.88528604561211,
            "min": 18.02114377706104,
            "max": 19.111635357358725,
            "count": 5
        },
        "MoveToGoal.Losses.ValueLoss.mean": {
            "value": 2.6160791807869848e-05,
            "min": 2.6160791807869848e-05,
            "max": 0.06562751001445533,
            "count": 5
        },
        "MoveToGoal.Losses.ValueLoss.sum": {
            "value": 0.0019620593855902385,
            "min": 0.0019620593855902385,
            "max": 5.05331827111306,
            "count": 5
        },
        "MoveToGoal.Policy.LearningRate.mean": {
            "value": 0.00016487904504033332,
            "min": 0.00016487904504033332,
            "max": 0.0002851985114273377,
            "count": 5
        },
        "MoveToGoal.Policy.LearningRate.sum": {
            "value": 0.012365928378025,
            "min": 0.012365928378025,
            "max": 0.021960285379905003,
            "count": 5
        },
        "MoveToGoal.Policy.Epsilon.mean": {
            "value": 0.1549596666666667,
            "min": 0.1549596666666667,
            "max": 0.19506616883116884,
            "count": 5
        },
        "MoveToGoal.Policy.Epsilon.sum": {
            "value": 11.621975,
            "min": 11.621975,
            "max": 15.020095000000001,
            "count": 5
        },
        "MoveToGoal.Policy.Beta.mean": {
            "value": 0.00027930236666666675,
            "min": 0.00027930236666666675,
            "max": 0.0004758242272727273,
            "count": 5
        },
        "MoveToGoal.Policy.Beta.sum": {
            "value": 0.020947677500000005,
            "min": 0.020947677500000005,
            "max": 0.0366384655,
            "count": 5
        },
        "MoveToGoal.Environment.EpisodeLength.mean": {
            "value": 399.0,
            "min": 116.30588235294118,
            "max": 399.0,
            "count": 5
        },
        "MoveToGoal.Environment.EpisodeLength.sum": {
            "value": 9975.0,
            "min": 9851.0,
            "max": 9975.0,
            "count": 5
        },
        "MoveToGoal.Environment.CumulativeReward.mean": {
            "value": 0.0,
            "min": -0.47058823529411764,
            "max": 0.24242424242424243,
            "count": 5
        },
        "MoveToGoal.Environment.CumulativeReward.sum": {
            "value": 0.0,
            "min": -40.0,
            "max": 8.0,
            "count": 5
        },
        "MoveToGoal.Policy.ExtrinsicReward.mean": {
            "value": 0.0,
            "min": -0.47058823529411764,
            "max": 0.24242424242424243,
            "count": 5
        },
        "MoveToGoal.Policy.ExtrinsicReward.sum": {
            "value": 0.0,
            "min": -40.0,
            "max": 8.0,
            "count": 5
        },
        "MoveToGoal.IsTraining.mean": {
            "value": 1.0,
            "min": 1.0,
            "max": 1.0,
            "count": 5
        },
        "MoveToGoal.IsTraining.sum": {
            "value": 1.0,
            "min": 1.0,
            "max": 1.0,
            "count": 5
        }
    },
    "metadata": {
        "timer_format_version": "0.1.0",
        "start_time_seconds": "1646823214",
        "python_version": "3.7.9 (tags/v3.7.9:13c94747c7, Aug 17 2020, 18:58:18) [MSC v.1900 64 bit (AMD64)]",
        "command_line_arguments": "C:\\Users\\jackl\\Documents\\GitHub\\MLADA-ML-CS\\venv\\Scripts\\mlagents-learn config/moveToGoal.yaml --run-id=RingTest5",
        "mlagents_version": "0.28.0",
        "mlagents_envs_version": "0.28.0",
        "communication_protocol_version": "1.5.0",
        "pytorch_version": "1.7.0+cu110",
        "numpy_version": "1.21.5",
        "end_time_seconds": "1646824115"
    },
    "total": 900.8815940000001,
    "count": 1,
    "self": 0.009523100000023987,
    "children": {
        "run_training.setup": {
            "total": 0.11922900000000003,
            "count": 1,
            "self": 0.11922900000000003
        },
        "TrainerController.start_learning": {
            "total": 900.7528419,
            "count": 1,
            "self": 1.023963899987507,
            "children": {
                "TrainerController._reset_env": {
                    "total": 12.441891100000001,
                    "count": 1,
                    "self": 12.441891100000001
                },
                "TrainerController.advance": {
                    "total": 887.1613314000125,
                    "count": 60188,
                    "self": 1.0395266000036827,
                    "children": {
                        "env_step": {
                            "total": 677.4694958000126,
                            "count": 60188,
                            "self": 549.3349228000111,
                            "children": {
                                "SubprocessEnvManager._take_step": {
                                    "total": 127.5110517000004,
                                    "count": 60188,
                                    "self": 2.916330099989665,
                                    "children": {
                                        "TorchPolicy.evaluate": {
                                            "total": 124.59472160001073,
                                            "count": 59981,
                                            "self": 59.037375800007936,
                                            "children": {
                                                "TorchPolicy.sample_actions": {
                                                    "total": 65.55734580000279,
                                                    "count": 59981,
                                                    "self": 65.55734580000279
                                                }
                                            }
                                        }
                                    }
                                },
                                "workers": {
                                    "total": 0.6235213000011672,
                                    "count": 60187,
                                    "self": 0.0,
                                    "children": {
                                        "worker_root": {
                                            "total": 825.3232499999871,
                                            "count": 60187,
                                            "is_parallel": true,
                                            "self": 405.38738439998417,