{
    "name": "root",
    "gauges": {
        "CT_T_Behaviour.Policy.Entropy.mean": {
            "value": 1.3890780210494995,
            "min": 1.3890780210494995,
            "max": 1.3890780210494995,
            "count": 1
        },
        "CT_T_Behaviour.Policy.Entropy.sum": {
            "value": 13899.1142578125,
            "min": 13899.1142578125,
            "max": 13899.1142578125,
            "count": 1
        },
        "CT_T_Behaviour.Step.mean": {
            "value": 9942.0,
            "min": 9942.0,
            "max": 9942.0,
            "count": 1
        },
        "CT_T_Behaviour.Step.sum": {
            "value": 9942.0,
            "min": 9942.0,
            "max": 9942.0,
            "count": 1
        },
        "CT_T_Behaviour.Policy.ExtrinsicValueEstimate.mean": {
            "value": 0.05709805712103844,
            "min": 0.05709805712103844,
            "max": 0.05709805712103844,
            "count": 1
        },
        "CT_T_Behaviour.Policy.ExtrinsicValueEstimate.sum": {
            "value": 11.533807754516602,
            "min": 11.533807754516602,
            "max": 11.533807754516602,
            "count": 1
        },
        "CT_T_Behaviour.Environment.EpisodeLength.mean": {
            "value": 128.1315789473684,
            "min": 128.1315789473684,
            "max": 128.1315789473684,
            "count": 1
        },
        "CT_T_Behaviour.Environment.EpisodeLength.sum": {
            "value": 9738.0,
            "min": 9738.0,
            "max": 9738.0,
            "count": 1
        },
        "CT_T_Behaviour.Environment.CumulativeReward.mean": {
            "value": 0.15789473684210525,
            "min": 0.15789473684210525,
            "max": 0.15789473684210525,
            "count": 1
        },
        "CT_T_Behaviour.Environment.CumulativeReward.sum": {
            "value": 12.0,
            "min": 12.0,
            "max": 12.0,
            "count": 1
        },
        "CT_T_Behaviour.Policy.ExtrinsicReward.mean": {
            "value": 0.15789473684210525,
            "min": 0.15789473684210525,
            "max": 0.15789473684210525,
            "count": 1
        },
        "CT_T_Behaviour.Policy.ExtrinsicReward.sum": {
            "value": 12.0,
            "min": 12.0,
            "max": 12.0,
            "count": 1
        },
        "CT_T_Behaviour.Losses.PolicyLoss.mean": {
            "value": 0.23893085074945694,
            "min": 0.23893085074945694,
            "max": 0.23893085074945694,
            "count": 1
        },
        "CT_T_Behaviour.Losses.PolicyLoss.sum": {
            "value": 18.158744656958728,
            "min": 18.158744656958728,
            "max": 18.158744656958728,
            "count": 1
        },
        "CT_T_Behaviour.Losses.ValueLoss.mean": {
            "value": 0.052884473135570736,
            "min": 0.052884473135570736,
            "max": 0.052884473135570736,
            "count": 1
        },
        "CT_T_Behaviour.Losses.ValueLoss.sum": {
            "value": 4.019219958303376,
            "min": 4.019219958303376,
            "max": 4.019219958303376,
            "count": 1
        },
        "CT_T_Behaviour.Policy.LearningRate.mean": {
            "value": 0.00029696505101164993,
            "min": 0.00029696505101164993,
            "max": 0.00029696505101164993,
            "count": 1
        },
        "CT_T_Behaviour.Policy.LearningRate.sum": {
            "value": 0.022569343876885396,
            "min": 0.022569343876885396,
            "max": 0.022569343876885396,
            "count": 1
        },
        "CT_T_Behaviour.Policy.Epsilon.mean": {
            "value": 0.19898834999999998,
            "min": 0.19898834999999998,
            "max": 0.19898834999999998,
            "count": 1
        },
        "CT_T_Behaviour.Policy.Epsilon.sum": {
            "value": 15.1231146,
            "min": 15.1231146,
            "max": 15.1231146,
            "count": 1
        },
        "CT_T_Behaviour.Policy.Beta.mean": {
            "value": 0.000495042915,
            "min": 0.000495042915,
            "max": 0.000495042915,
            "count": 1
        },
        "CT_T_Behaviour.Policy.Beta.sum": {
            "value": 0.03762326154,
            "min": 0.03762326154,
            "max": 0.03762326154,
            "count": 1
        },
        "CT_T_Behaviour.IsTraining.mean": {
            "value": 1.0,
            "min": 1.0,
            "max": 1.0,
            "count": 1
        },
        "CT_T_Behaviour.IsTraining.sum": {
            "value": 1.0,
            "min": 1.0,
            "max": 1.0,
            "count": 1
        }
    },
    "metadata": {
        "timer_format_version": "0.1.0",
        "start_time_seconds": "1646042188",
        "python_version": "3.7.9 (tags/v3.7.9:13c94747c7, Aug 17 2020, 18:58:18) [MSC v.1900 64 bit (AMD64)]",
        "command_line_arguments": "C:\\Users\\jackl\\Documents\\GitHub\\MLADA-ML-CS\\venv\\Scripts\\mlagents-learn config/CT_T_Behaviour.yaml --run-id=InitialCT_T_Test1",
        "mlagents_version": "0.28.0",
        "mlagents_envs_version": "0.28.0",
        "communication_protocol_version": "1.5.0",
        "pytorch_version": "1.7.0+cu110",
        "numpy_version": "1.21.5",
        "end_time_seconds": "1646042517"
    },
    "total": 328.3317502,
    "count": 1,
    "self": 0.008618099999978313,
    "children": {
        "run_training.setup": {
            "total": 0.15507680000000001,
            "count": 1,
            "self": 0.15507680000000001
        },
        "TrainerController.start_learning": {
            "total": 328.1680553,
            "count": 1,
            "self": 0.3181515999979183,
            "children": {
                "TrainerController._reset_env": {
                    "total": 10.361275599999999,
                    "count": 1,
                    "self": 10.361275599999999
                },
                "TrainerController.advance": {
                    "total": 317.3592350000021,
                    "count": 19253,
                    "self": 0.317326100003811,
                    "children": {
                        "env_step": {
                            "total": 246.98150839999832,
                            "count": 19253,
                            "self": 204.75112140000365,
                            "children": {
                                "SubprocessEnvManager._take_step": {
                                    "total": 42.030049199997706,
                                    "count": 19253,
                                    "self": 0.912811299998566,
                                    "children": {
                                        "TorchPolicy.evaluate": {
                                            "total": 41.11723789999914,
                                            "count": 19064,
                                            "self": 19.039004300000926,
                                            "children": {
                                                "TorchPolicy.sample_actions": {
                                                    "total": 22.078233599998214,
                                                    "count": 19064,
                                                    "self": 22.078233599998214
                                                }
                                            }
                                        }
                                    }
                                },
                                "workers": {
                                    "total": 0.200337799996964,
                                    "count": 19252,
                                    "self": 0.0,
                                    "children": {
                                        "worker_root": {
                                            "total": 256.71504719999984,
                                            "count": 19252,
                                            "is_parallel": true,