{
    "name": "root",
    "metadata": {
        "timer_format_version": "0.1.0",
        "start_time_seconds": "1645868418",
        "python_version": "3.7.9 (tags/v3.7.9:13c94747c7, Aug 17 2020, 18:58:18) [MSC v.1900 64 bit (AMD64)]",
        "command_line_arguments": "C:\\Users\\jackl\\Documents\\GitHub\\MLADA-ML-CS\\venv\\Scripts\\mlagents-learn --run-id=MoveToGoal1",
        "mlagents_version": "0.28.0",
        "mlagents_envs_version": "0.28.0",
        "communication_protocol_version": "1.5.0",
        "pytorch_version": "1.7.0+cu110",
        "numpy_version": "1.21.5",
        "end_time_seconds": "1645868496"
    },
    "total": 77.9127055,
    "count": 1,
    "self": 0.008341999999998961,
    "children": {
        "run_training.setup": {
            "total": 0.10160250000000004,
            "count": 1,
            "self": 0.10160250000000004
        },
        "TrainerController.start_learning": {
            "total": 77.802761,
            "count": 1,
            "self": 0.005989699999972231,
            "children": {
                "TrainerController._reset_env": {
                    "total": 12.0600506,
                    "count": 1,
                    "self": 12.0600506
                },
                "TrainerController.advance": {
                    "total": 65.60389670000004,
                    "count": 314,
                    "self": 0.00566040000003909,
                    "children": {
                        "env_step": {
                            "total": 65.57066429999996,
                            "count": 314,
                            "self": 64.41745369999998,
                            "children": {
                                "SubprocessEnvManager._take_step": {
                                    "total": 1.1498461999999847,
                                    "count": 314,
                                    "self": 0.016610399999967385,
                                    "children": {
                                        "TorchPolicy.evaluate": {
                                            "total": 1.1332358000000173,
                                            "count": 314,
                                            "self": 0.14778990000002068,
                                            "children": {
                                                "TorchPolicy.sample_actions": {
                                                    "total": 0.9854458999999967,
                                                    "count": 314,
                                                    "self": 0.9854458999999967
                                                }
                                            }
                                        }
                                    }
                                },
                                "workers": {
                                    "total": 0.003364399999998824,
                                    "count": 313,
                                    "self": 0.0,
                                    "children": {
                                        "worker_root": {
                                            "total": 5.561562199999992,
                                            "count": 313,
                                            "is_parallel": true,
                                            "self": 2.775772499999986,
                                            "children": {
                                                "steps_from_proto": {
                                                    "total": 0.0006596999999999298,
                                                    "count": 1,
                                                    "is_parallel": true,
                                                    "self": 0.0002933999999985559,
                                                    "children": {
                                                        "_process_rank_one_or_two_observation": {
                                                            "total": 0.00036630000000137386,
                                                            "count": 2,
                                                            "is_parallel": true,
                                                            "self": 0.00036630000000137386
                                                        }
                                                    }
                                                },
                                                "UnityEnvironment.step": {
                                                    "total": 2.785130000000006,
                                                    "count": 313,
                                                    "is_parallel": true,
                                                    "self": 0.052605499999975436,
                                                    "children": {
                                                        "UnityEnvironment._generate_step_input": {
                                                            "total": 0.04031980000000601,
                                                            "count": 313,
                                                            "is_parallel": true,
                                                            "self": 0.04031980000000601
                                                        },
                                                        "communicator.exchange": {
                                                            "total": 2.5568698000000065,
                                                            "count": 313,
                                                            "is_parallel": true,
                                                            "self": 2.5568698000000065
                                                        },
                                                        "steps_from_proto": {
                                                            "total": 0.1353349000000179,
                                                            "count": 313,
                                                            "is_parallel": true,
                                                            "self": 0.07814600000004646,
                                                            "children": {
                                                                "_process_rank_one_or_two_observation": {
                                                                    "total": 0.057188899999971454,
                                                                    "count": 626,
                                                                    "is_parallel": true,
                                                                    "self": 0.057188899999971454
                                                                }
                                                            }
                                                        }
                                                    }
                                                }
                                            }
                                        }
                                    }
                                }
                            }
                        },
                        "trainer_advance": {
                            "total": 0.027572000000038344,
                            "count": 313,
                            "self": 0.00714990000006388,
                            "children": {
                                "process_trajectory": {
                                    "total": 0.020422099999974463,
                                    "count": 313,
                                    "self": 0.020422099999974463
                                }
                            }
                        }
                    }
                },