{
    "name": "root",
    "gauges": {
        "OGSC.Policy.Entropy.mean": {
            "value": 1.3115992546081543,
            "min": 1.3115992546081543,
            "max": 1.3752151727676392,
            "count": 5
        },
        "OGSC.Policy.Entropy.sum": {
            "value": 13106.8115234375,
            "min": 13106.8115234375,
            "max": 13808.5361328125,
            "count": 5
        },
        "OGSC.Step.mean": {
            "value": 49962.0,
            "min": 9977.0,
            "max": 49962.0,
            "count": 5
        },
        "OGSC.Step.sum": {
            "value": 49962.0,
            "min": 9977.0,
            "max": 49962.0,
            "count": 5
        },
        "OGSC.Policy.ExtrinsicValueEstimate.mean": {
            "value": 0.5783149003982544,
            "min": 0.36464712023735046,
            "max": 0.5783149003982544,
            "count": 5
        },
        "OGSC.Policy.ExtrinsicValueEstimate.sum": {
            "value": 164.24143981933594,
            "min": 117.05172729492188,
            "max": 173.55035400390625,
            "count": 5
        },
        "OGSC.Environment.EpisodeLength.mean": {
            "value": 40.6375,
            "min": 31.79672131147541,
            "max": 40.6375,
            "count": 5
        },
        "OGSC.Environment.EpisodeLength.sum": {
            "value": 9753.0,
            "min": 9698.0,
            "max": 9753.0,
            "count": 5
        },
        "OGSC.Environment.CumulativeReward.mean": {
            "value": 0.75,
            "min": 0.662020905923345,
            "max": 0.8,
            "count": 5
        },
        "OGSC.Environment.CumulativeReward.sum": {
            "value": 180.0,
            "min": 180.0,
            "max": 244.0,
            "count": 5
        },
        "OGSC.Policy.ExtrinsicReward.mean": {
            "value": 0.75,
            "min": 0.662020905923345,
            "max": 0.8,
            "count": 5
        },
        "OGSC.Policy.ExtrinsicReward.sum": {
            "value": 180.0,
            "min": 180.0,
            "max": 244.0,
            "count": 5
        },
        "OGSC.Losses.PolicyLoss.mean": {
            "value": 0.23915542593867206,
            "min": 0.23915542593867206,
            "max": 0.24681101414974585,
            "count": 5
        },
        "OGSC.Losses.PolicyLoss.sum": {
            "value": 19.132434075093766,
            "min": 19.132434075093766,
            "max": 20.698592286829818,
            "count": 5
        },
        "OGSC.Losses.ValueLoss.mean": {
            "value": 0.14272216430860085,
            "min": 0.14272216430860085,
            "max": 0.3756643209533778,
            "count": 5
        },
        "OGSC.Losses.ValueLoss.sum": {
            "value": 11.417773144688068,
            "min": 11.417773144688068,
            "max": 31.18013863913036,
            "count": 5
        },
        "OGSC.Policy.LearningRate.mean": {
            "value": 3.0357464880874997e-05,
            "min": 3.0357464880874997e-05,
            "max": 0.00027045094960872286,
            "count": 5
        },
        "OGSC.Policy.LearningRate.sum": {
            "value": 0.00242859719047,
            "min": 0.00242859719047,
            "max": 0.022447428817524,
            "count": 5
        },
        "OGSC.Policy.Epsilon.mean": {
            "value": 0.11011912500000001,
            "min": 0.11011912500000001,
            "max": 0.19015031325301207,
            "count": 5
        },
        "OGSC.Policy.Epsilon.sum": {
            "value": 8.80953,
            "min": 8.80953,
            "max": 15.782476,
            "count": 5
        },
        "OGSC.Policy.Beta.mean": {
            "value": 5.9583712499999994e-05,
            "min": 5.9583712499999994e-05,
            "max": 0.000451736534939759,
            "count": 5
        },
        "OGSC.Policy.Beta.sum": {
            "value": 0.004766696999999999,
            "min": 0.004766696999999999,
            "max": 0.0374941324,
            "count": 5
        },
        "OGSC.IsTraining.mean": {
            "value": 1.0,
            "min": 1.0,
            "max": 1.0,
            "count": 5
        },
        "OGSC.IsTraining.sum": {
            "value": 1.0,
            "min": 1.0,
            "max": 1.0,
            "count": 5
        }
    },
    "metadata": {
        "timer_format_version": "0.1.0",
        "start_time_seconds": "1646310860",
        "python_version": "3.7.9 (tags/v3.7.9:13c94747c7, Aug 17 2020, 18:58:18) [MSC v.1900 64 bit (AMD64)]",
        "command_line_arguments": "C:\\Users\\jackl\\Documents\\GitHub\\MLADA-ML-CS\\venv\\Scripts\\mlagents-learn config/OGSC.yaml --initialize-from=FRIENDS --run-id=FRIENDSImproved",
        "mlagents_version": "0.28.0",
        "mlagents_envs_version": "0.28.0",
        "communication_protocol_version": "1.5.0",
        "pytorch_version": "1.7.0+cu110",
        "numpy_version": "1.21.5",
        "end_time_seconds": "1646311706"
    },
    "total": 846.2134458,
    "count": 1,
    "self": 0.006904800000029354,
    "children": {
        "run_training.setup": {
            "total": 0.14299649999999997,
            "count": 1,
            "self": 0.14299649999999997
        },
        "TrainerController.start_learning": {
            "total": 846.0635445,
            "count": 1,
            "self": 0.9577080999979444,
            "children": {
                "TrainerController._reset_env": {
                    "total": 10.9042394,
                    "count": 1,
                    "self": 10.9042394
                },
                "TrainerController.advance": {
                    "total": 834.123579300002,
                    "count": 51262,
                    "self": 0.9371357000205762,
                    "children": {
                        "env_step": {
                            "total": 634.4706820999946,
                            "count": 51262,
                            "self": 515.668568499987,
                            "children": {
                                "SubprocessEnvManager._take_step": {
                                    "total": 118.21072360001347,
                                    "count": 51262,
                                    "self": 2.8132513000000046,
                                    "children": {
                                        "TorchPolicy.evaluate": {
                                            "total": 115.39747230001346,
                                            "count": 50007,
                                            "self": 58.80576130001704,
                                            "children": {
                                                "TorchPolicy.sample_actions": {
                                                    "total": 56.59171099999642,
                                                    "count": 50007,
                                                    "self": 56.59171099999642
                                                }
                                            }
                                        }
                                    }
                                },
                                "workers": {
                                    "total": 0.5913899999941563,
                                    "count": 51262,
                                    "self": 0.0,
                                    "children": {
                                        "worker_root": {
                                            "total": 833.8257012000007,
                                            "count": 51262,
                                            "is_parallel": true,
                                            "self": 378.83744040000363,
                                            "children": {
                                                "steps_from_proto": {
                                                    "total": 0.0006585000000001173,