{
    "name": "root",
    "gauges": {
        "MoveToGoal.Policy.Entropy.mean": {
            "value": 1.4228969812393188,
            "min": 1.4228969812393188,
            "max": 1.4228969812393188,
            "count": 1
        },
        "MoveToGoal.Policy.Entropy.sum": {
            "value": 71315.59375,
            "min": 71315.59375,
            "max": 71315.59375,
            "count": 1
        },
        "MoveToGoal.Step.mean": {
            "value": 49937.0,
            "min": 49937.0,
            "max": 49937.0,
            "count": 1
        },
        "MoveToGoal.Step.sum": {
            "value": 49937.0,
            "min": 49937.0,
            "max": 49937.0,
            "count": 1
        },
        "MoveToGoal.Policy.ExtrinsicValueEstimate.mean": {
            "value": 0.26902154088020325,
            "min": 0.26902154088020325,
            "max": 0.26902154088020325,
            "count": 1
        },
        "MoveToGoal.Policy.ExtrinsicValueEstimate.sum": {
            "value": 258.7987365722656,
            "min": 258.7987365722656,
            "max": 258.7987365722656,
            "count": 1
        },
        "MoveToGoal.Environment.EpisodeLength.mean": {
            "value": 143.04941860465115,
            "min": 143.04941860465115,
            "max": 143.04941860465115,
            "count": 1
        },
        "MoveToGoal.Environment.EpisodeLength.sum": {
            "value": 49209.0,
            "min": 49209.0,
            "max": 49209.0,
            "count": 1
        },
        "MoveToGoal.Environment.CumulativeReward.mean": {
            "value": -0.9651162790697675,
            "min": -0.9651162790697675,
            "max": -0.9651162790697675,
            "count": 1
        },
        "MoveToGoal.Environment.CumulativeReward.sum": {
            "value": -332.0,
            "min": -332.0,
            "max": -332.0,
            "count": 1
        },
        "MoveToGoal.Policy.ExtrinsicReward.mean": {
            "value": -0.9651162790697675,
            "min": -0.9651162790697675,
            "max": -0.9651162790697675,
            "count": 1
        },
        "MoveToGoal.Policy.ExtrinsicReward.sum": {
            "value": -332.0,
            "min": -332.0,
            "max": -332.0,
            "count": 1
        },
        "MoveToGoal.Losses.PolicyLoss.mean": {
            "value": 0.02485752625701328,
            "min": 0.02485752625701328,
            "max": 0.02485752625701328,
            "count": 1
        },
        "MoveToGoal.Losses.PolicyLoss.sum": {
            "value": 0.09943010502805312,
            "min": 0.09943010502805312,
            "max": 0.09943010502805312,
            "count": 1
        },
        "MoveToGoal.Losses.ValueLoss.mean": {
            "value": 0.07907094982607911,
            "min": 0.07907094982607911,
            "max": 0.07907094982607911,
            "count": 1
        },
        "MoveToGoal.Losses.ValueLoss.sum": {
            "value": 0.31628379930431644,
            "min": 0.31628379930431644,
            "max": 0.31628379930431644,
            "count": 1
        },
        "MoveToGoal.Policy.LearningRate.mean": {
            "value": 0.0002846133051289,
            "min": 0.0002846133051289,
            "max": 0.0002846133051289,
            "count": 1
        },
        "MoveToGoal.Policy.LearningRate.sum": {
            "value": 0.0011384532205156,
            "min": 0.0011384532205156,
            "max": 0.0011384532205156,
            "count": 1
        },
        "MoveToGoal.Policy.Epsilon.mean": {
            "value": 0.19487109999999996,
            "min": 0.19487109999999996,
            "max": 0.19487109999999996,
            "count": 1
        },
        "MoveToGoal.Policy.Epsilon.sum": {
            "value": 0.7794843999999999,
            "min": 0.7794843999999999,
            "max": 0.7794843999999999,
            "count": 1
        },
        "MoveToGoal.Policy.Beta.mean": {
            "value": 0.00474406789,
            "min": 0.00474406789,
            "max": 0.00474406789,
            "count": 1
        },
        "MoveToGoal.Policy.Beta.sum": {
            "value": 0.01897627156,
            "min": 0.01897627156,
            "max": 0.01897627156,
            "count": 1
        },
        "MoveToGoal.IsTraining.mean": {
            "value": 1.0,
            "min": 1.0,
            "max": 1.0,
            "count": 1
        },
        "MoveToGoal.IsTraining.sum": {
            "value": 1.0,
            "min": 1.0,
            "max": 1.0,
            "count": 1
        }
    },
    "metadata": {
        "timer_format_version": "0.1.0",
        "start_time_seconds": "1645867800",
        "python_version": "3.7.9 (tags/v3.7.9:13c94747c7, Aug 17 2020, 18:58:18) [MSC v.1900 64 bit (AMD64)]",
        "command_line_arguments": "C:\\Users\\jackl\\Documents\\GitHub\\MLADA-ML-CS\\venv\\Scripts\\mlagents-learn --run-id=Test1",
        "mlagents_version": "0.28.0",
        "mlagents_envs_version": "0.28.0",
        "communication_protocol_version": "1.5.0",
        "pytorch_version": "1.7.0+cu110",
        "numpy_version": "1.21.5",
        "end_time_seconds": "1645868092"
    },
    "total": 292.0421103,
    "count": 1,
    "self": 0.00940739999998641,
    "children": {
        "run_training.setup": {
            "total": 0.12685959999999996,
            "count": 1,
            "self": 0.12685959999999996
        },
        "TrainerController.start_learning": {
            "total": 291.9058433,
            "count": 1,
            "self": 0.3868495000000962,
            "children": {
                "TrainerController._reset_env": {
                    "total": 13.444725,
                    "count": 1,
                    "self": 13.444725
                },
                "TrainerController.advance": {
                    "total": 277.9406465999999,
                    "count": 17399,
                    "self": 0.37362520000056065,
                    "children": {
                        "env_step": {
                            "total": 258.55287929999986,
                            "count": 17399,
                            "self": 206.0170685999993,
                            "children": {
                                "SubprocessEnvManager._take_step": {
                                    "total": 52.29544659999938,
                                    "count": 17399,
                                    "self": 1.0605467999991802,
                                    "children": {
                                        "TorchPolicy.evaluate": {
                                            "total": 51.2348998000002,
                                            "count": 17077,
                                            "self": 29.74178260000037,
                                            "children": {
                                                "TorchPolicy.sample_actions": {
                                                    "total": 21.49311719999983,
                                                    "count": 17077,
                                                    "self": 21.49311719999983
                                                }
                                            }
                                        }
                                    }
                                },
                                "workers": {
                                    "total": 0.24036410000117137,
                                    "count": 17398,
                                    "self": 0.0,
                                    "children": {
                                        "worker_root": {
                                            "total": 217.38492959999965,
                                            "count": 17398,
                                            "is_parallel": true,
                                            "self": 96.13767759999969,