{
    "name": "root",
    "metadata": {
        "timer_format_version": "0.1.0",
        "start_time_seconds": "1646219911",
        "python_version": "3.7.9 (tags/v3.7.9:13c94747c7, Aug 17 2020, 18:58:18) [MSC v.1900 64 bit (AMD64)]",
        "command_line_arguments": "C:\\Users\\jackl\\Documents\\GitHub\\MLADA-ML-CS\\venv\\Scripts\\mlagents-learn config/OGSC.yaml --run-id=DiscreteTestBasic",
        "mlagents_version": "0.28.0",
        "mlagents_envs_version": "0.28.0",
        "communication_protocol_version": "1.5.0",
        "pytorch_version": "1.7.0+cu110",
        "numpy_version": "1.21.5",
        "end_time_seconds": "1646220081"
    },
    "total": 170.2122043,
    "count": 1,
    "self": 0.004910200000011855,
    "children": {
        "run_training.setup": {
            "total": 0.11815419999999999,
            "count": 1,
            "self": 0.11815419999999999
        },
        "TrainerController.start_learning": {
            "total": 170.0891399,
            "count": 1,
            "self": 0.1033080999996514,
            "children": {
                "TrainerController._reset_env": {
                    "total": 9.24102,
                    "count": 1,
                    "self": 9.24102
                },
                "TrainerController.advance": {
                    "total": 160.56483490000033,
                    "count": 5393,
                    "self": 0.10229640000045492,
                    "children": {
                        "env_step": {
                            "total": 134.82459659999995,
                            "count": 5393,
                            "self": 105.3300470999996,
                            "children": {
                                "SubprocessEnvManager._take_step": {
                                    "total": 29.432915899999866,
                                    "count": 5393,
                                    "self": 0.2609784999996272,
                                    "children": {
                                        "TorchPolicy.evaluate": {
                                            "total": 29.17193740000024,
                                            "count": 5041,
                                            "self": 5.695236299999898,
                                            "children": {
                                                "TorchPolicy.sample_actions": {
                                                    "total": 23.47670110000034,
                                                    "count": 5041,
                                                    "self": 23.47670110000034
                                                }
                                            }
                                        }
                                    }
                                },
                                "workers": {
                                    "total": 0.06163360000048712,
                                    "count": 5392,
                                    "self": 0.0,
                                    "children": {
                                        "worker_root": {
                                            "total": 100.30859530000025,
                                            "count": 5392,
                                            "is_parallel": true,
                                            "self": 62.927725100000025,
                                            "children": {
                                                "steps_from_proto": {
                                                    "total": 0.0008664999999989931,
                                                    "count": 1,
                                                    "is_parallel": true,
                                                    "self": 0.0005451000000000761,
                                                    "children": {
                                                        "_process_rank_one_or_two_observation": {
                                                            "total": 0.000321399999998917,
                                                            "count": 2,
                                                            "is_parallel": true,
                                                            "self": 0.000321399999998917
                                                        }
                                                    }
                                                },
                                                "UnityEnvironment.step": {
                                                    "total": 37.38000370000022,
                                                    "count": 5392,
                                                    "is_parallel": true,
                                                    "self": 0.9455210000014702,
                                                    "children": {
                                                        "UnityEnvironment._generate_step_input": {
                                                            "total": 0.7220064999998801,
                                                            "count": 5392,
                                                            "is_parallel": true,
                                                            "self": 0.7220064999998801
                                                        },
                                                        "communicator.exchange": {
                                                            "total": 32.460089999999454,
                                                            "count": 5392,
                                                            "is_parallel": true,
                                                            "self": 32.460089999999454
                                                        },
                                                        "steps_from_proto": {
                                                            "total": 3.252386199999421,
                                                            "count": 5392,
                                                            "is_parallel": true,
                                                            "self": 2.243455400000107,
                                                            "children": {
                                                                "_process_rank_one_or_two_observation": {
                                                                    "total": 1.0089307999993142,
                                                                    "count": 10784,
                                                                    "is_parallel": true,
                                                                    "self": 1.0089307999993142
                                                                }
                                                            }
                                                        }
                                                    }
                                                }
                                            }
                                        }
                                    }
                                }
                            }
                        },
                        "trainer_advance": {
                            "total": 25.637941899999944,
                            "count": 5392,
                            "self": 0.13772189999977869,
                            "children": {
                                "process_trajectory": {
                                    "total": 1.2596216000001874,
                                    "count": 5392,
                                    "self": 1.2596216000001874
                                },