{
    "name": "root",
    "gauges": {
        "OGSC.Policy.Entropy.mean": {
            "value": 1.3854691982269287,
            "min": 1.3854691982269287,
            "max": 1.406151294708252,
            "count": 4
        },
        "OGSC.Policy.Entropy.sum": {
            "value": 13833.91015625,
            "min": 13833.91015625,
            "max": 14141.6640625,
            "count": 4
        },
        "OGSC.Environment.EpisodeLength.mean": {
            "value": 22.68384074941452,
            "min": 22.68384074941452,
            "max": 173.16666666666666,
            "count": 4
        },
        "OGSC.Environment.EpisodeLength.sum": {
            "value": 9686.0,
            "min": 9026.0,
            "max": 10390.0,
            "count": 4
        },
        "OGSC.Step.mean": {
            "value": 39977.0,
            "min": 9993.0,
            "max": 39977.0,
            "count": 4
        },
        "OGSC.Step.sum": {
            "value": 39977.0,
            "min": 9993.0,
            "max": 39977.0,
            "count": 4
        },
        "OGSC.Policy.ExtrinsicValueEstimate.mean": {
            "value": 1.7376474142074585,
            "min": 0.8421059846878052,
            "max": 1.7376474142074585,
            "count": 4
        },
        "OGSC.Policy.ExtrinsicValueEstimate.sum": {
            "value": 778.466064453125,
            "min": 155.78961181640625,
            "max": 778.466064453125,
            "count": 4
        },
        "OGSC.Environment.CumulativeReward.mean": {
            "value": 2.0,
            "min": 1.6746478870930805,
            "max": 2.0,
            "count": 4
        },
        "OGSC.Environment.CumulativeReward.sum": {
            "value": 852.0,
            "min": 109.59999999403954,
            "max": 852.0,
            "count": 4
        },
        "OGSC.Policy.ExtrinsicReward.mean": {
            "value": 2.0,
            "min": 1.6746478870930805,
            "max": 2.0,
            "count": 4
        },
        "OGSC.Policy.ExtrinsicReward.sum": {
            "value": 852.0,
            "min": 109.59999999403954,
            "max": 852.0,
            "count": 4
        },
        "OGSC.Losses.PolicyLoss.mean": {
            "value": 0.24958402256883794,
            "min": 0.24321803726383656,
            "max": 0.24958402256883794,
            "count": 4
        },
        "OGSC.Losses.PolicyLoss.sum": {
            "value": 21.464225940920063,
            "min": 18.745773451394722,
            "max": 21.464225940920063,
            "count": 4
        },
        "OGSC.Losses.ValueLoss.mean": {
            "value": 0.03218686398741505,
            "min": 0.03218686398741505,
            "max": 0.06056961272058319,
            "count": 4
        },
        "OGSC.Losses.ValueLoss.sum": {
            "value": 2.7680703029176943,
            "min": 2.7343766695895413,
            "max": 4.663860179484906,
            "count": 4
        },
        "OGSC.Policy.LearningRate.mean": {
            "value": 8.958104688386045e-05,
            "min": 8.958104688386045e-05,
            "max": 0.0002696057244171428,
            "count": 4
        },
        "OGSC.Policy.LearningRate.sum": {
            "value": 0.007703970032011998,
            "min": 0.007703970032011998,
            "max": 0.020759640780119996,
            "count": 4
        },
        "OGSC.Policy.Epsilon.mean": {
            "value": 0.12986032558139535,
            "min": 0.12986032558139535,
            "max": 0.18986857142857144,
            "count": 4
        },
        "OGSC.Policy.Epsilon.sum": {
            "value": 11.167988,
            "min": 11.167988,
            "max": 14.619880000000002,
            "count": 4
        },
        "OGSC.Policy.Beta.mean": {
            "value": 0.00015631559534883723,
            "min": 0.00015631559534883723,
            "max": 0.00045035599999999996,
            "count": 4
        },
        "OGSC.Policy.Beta.sum": {
            "value": 0.013443141200000001,
            "min": 0.013443141200000001,
            "max": 0.034677412,
            "count": 4
        },
        "OGSC.IsTraining.mean": {
            "value": 1.0,
            "min": 1.0,
            "max": 1.0,
            "count": 4
        },
        "OGSC.IsTraining.sum": {
            "value": 1.0,
            "min": 1.0,
            "max": 1.0,
            "count": 4
        }
    },
    "metadata": {
        "timer_format_version": "0.1.0",
        "start_time_seconds": "1646215594",
        "python_version": "3.7.9 (tags/v3.7.9:13c94747c7, Aug 17 2020, 18:58:18) [MSC v.1900 64 bit (AMD64)]",
        "command_line_arguments": "C:\\Users\\jackl\\Documents\\GitHub\\MLADA-ML-CS\\venv\\Scripts\\mlagents-learn config/OGSC.yaml --run-id=BasicsTest",
        "mlagents_version": "0.28.0",
        "mlagents_envs_version": "0.28.0",
        "communication_protocol_version": "1.5.0",
        "pytorch_version": "1.7.0+cu110",
        "numpy_version": "1.21.5",
        "end_time_seconds": "1646216262"
    },
    "total": 668.3881367,
    "count": 1,
    "self": 0.012625200000002224,
    "children": {
        "run_training.setup": {
            "total": 0.13404300000000013,
            "count": 1,
            "self": 0.13404300000000013
        },
        "TrainerController.start_learning": {
            "total": 668.2414685,
            "count": 1,
            "self": 0.7253811000059613,
            "children": {
                "TrainerController._reset_env": {
                    "total": 13.4997702,
                    "count": 1,
                    "self": 13.4997702
                },
                "TrainerController.advance": {
                    "total": 614.707151999994,
                    "count": 41197,
                    "self": 0.7225020999906064,
                    "children": {
                        "env_step": {
                            "total": 459.90460160000123,
                            "count": 41197,
                            "self": 361.1702599999972,
                            "children": {
                                "SubprocessEnvManager._take_step": {
                                    "total": 98.28143550000227,
                                    "count": 41197,
                                    "self": 2.0852236999961917,
                                    "children": {
                                        "TorchPolicy.evaluate": {
                                            "total": 96.19621180000608,
                                            "count": 40497,
                                            "self": 51.96454100001252,
                                            "children": {
                                                "TorchPolicy.sample_actions": {
                                                    "total": 44.231670799993566,
                                                    "count": 40497,
                                                    "self": 44.231670799993566
                                                }
                                            }
                                        }
                                    }
                                },
                                "workers": {
                                    "total": 0.4529061000017691,
                                    "count": 41196,
                                    "self": 0.0,
                                    "children": {
                                        "worker_root": {
                                            "total": 553.3128614000038,
                                            "count": 41196,
                                            "is_parallel": true,
                                            "self": 300.5339830999983,
                                            "children": {
                                                "steps_from_proto": {
                                                    "total": 0.0006735999999989417,