{
    "name": "root",
    "metadata": {
        "timer_format_version": "0.1.0",
        "start_time_seconds": "1645864457",
        "python_version": "3.7.9 (tags/v3.7.9:13c94747c7, Aug 17 2020, 18:58:18) [MSC v.1900 64 bit (AMD64)]",
        "command_line_arguments": "C:\\Users\\jackl\\Documents\\GitHub\\MLADA-ML-CS\\venv\\Scripts\\mlagents-learn",
        "mlagents_version": "0.28.0",
        "mlagents_envs_version": "0.28.0",
        "communication_protocol_version": "1.5.0",
        "pytorch_version": "1.7.0+cu110",
        "numpy_version": "1.21.5",
        "end_time_seconds": "1645864565"
    },
    "total": 107.18240970000001,
    "count": 1,
    "self": 0.005833800000004885,
    "children": {
        "run_training.setup": {
            "total": 0.39626560000000133,
            "count": 1,
            "self": 0.39626560000000133
        },
        "TrainerController.start_learning": {
            "total": 106.7803103,
            "count": 1,
            "self": 0.02180709999993269,
            "children": {
                "TrainerController._reset_env": {
                    "total": 29.895668300000004,
                    "count": 1,
                    "self": 29.895668300000004
                },
                "TrainerController.advance": {
                    "total": 76.72281840000007,
                    "count": 1244,
                    "self": 0.02011409999998648,
                    "children": {
                        "env_step": {
                            "total": 76.56745559999993,
                            "count": 1244,
                            "self": 71.99981520000024,
                            "children": {
                                "SubprocessEnvManager._take_step": {
                                    "total": 4.554814699999994,
                                    "count": 1244,
                                    "self": 0.055363000000035356,
                                    "children": {
                                        "TorchPolicy.evaluate": {
                                            "total": 4.499451699999959,
                                            "count": 1244,
                                            "self": 1.2868244999999234,
                                            "children": {
                                                "TorchPolicy.sample_actions": {
                                                    "total": 3.2126272000000355,
                                                    "count": 1244,
                                                    "self": 3.2126272000000355
                                                }
                                            }
                                        }
                                    }
                                },
                                "workers": {
                                    "total": 0.012825699999694962,
                                    "count": 1243,
                                    "self": 0.0,
                                    "children": {
                                        "worker_root": {
                                            "total": 18.063697200000057,
                                            "count": 1243,
                                            "is_parallel": true,
                                            "self": 8.66236310000006,
                                            "children": {
                                                "steps_from_proto": {
                                                    "total": 0.001078400000000812,
                                                    "count": 1,
                                                    "is_parallel": true,
                                                    "self": 0.0005778000000020711,
                                                    "children": {
                                                        "_process_rank_one_or_two_observation": {
                                                            "total": 0.0005005999999987409,
                                                            "count": 2,
                                                            "is_parallel": true,
                                                            "self": 0.0005005999999987409
                                                        }
                                                    }
                                                },
                                                "UnityEnvironment.step": {
                                                    "total": 9.400255699999995,
                                                    "count": 1243,
                                                    "is_parallel": true,
                                                    "self": 0.19707920000013246,
                                                    "children": {
                                                        "UnityEnvironment._generate_step_input": {
                                                            "total": 0.15461439999995719,
                                                            "count": 1243,
                                                            "is_parallel": true,
                                                            "self": 0.15461439999995719
                                                        },
                                                        "communicator.exchange": {
                                                            "total": 8.365223899999979,
                                                            "count": 1243,
                                                            "is_parallel": true,
                                                            "self": 8.365223899999979
                                                        },
                                                        "steps_from_proto": {
                                                            "total": 0.6833381999999268,
                                                            "count": 1243,
                                                            "is_parallel": true,
                                                            "self": 0.4769408000000013,
                                                            "children": {
                                                                "_process_rank_one_or_two_observation": {
                                                                    "total": 0.20639739999992557,
                                                                    "count": 2486,
                                                                    "is_parallel": true,
                                                                    "self": 0.20639739999992557
                                                                }
                                                            }
                                                        }
                                                    }
                                                }
                                            }
                                        }
                                    }
                                }
                            }
                        },
                        "trainer_advance": {
                            "total": 0.13524870000014033,
                            "count": 1243,
                            "self": 0.027216400000078522,
                            "children": {
                                "process_trajectory": {
                                    "total": 0.10803230000006181,
                                    "count": 1243,
                                    "self": 0.10803230000006181
                                }
                            }
                        }
                    }
                },