{
    "name": "root",
    "metadata": {
        "timer_format_version": "0.1.0",
        "start_time_seconds": "1646040946",
        "python_version": "3.7.9 (tags/v3.7.9:13c94747c7, Aug 17 2020, 18:58:18) [MSC v.1900 64 bit (AMD64)]",
        "command_line_arguments": "C:\\Users\\jackl\\Documents\\GitHub\\MLADA-ML-CS\\venv\\Scripts\\mlagents-learn --resume",
        "mlagents_version": "0.28.0",
        "mlagents_envs_version": "0.28.0",
        "communication_protocol_version": "1.5.0",
        "pytorch_version": "1.7.0+cu110",
        "numpy_version": "1.21.5",
        "end_time_seconds": "1646041038"
    },
    "total": 92.0178365,
    "count": 1,
    "self": 0.008091100000001461,
    "children": {
        "run_training.setup": {
            "total": 0.1012649000000001,
            "count": 1,
            "self": 0.1012649000000001
        },
        "TrainerController.start_learning": {
            "total": 91.9084805,
            "count": 1,
            "self": 0.00016519999999786705,
            "children": {
                "TrainerController._reset_env": {
                    "total": 9.3747024,
                    "count": 1,
                    "self": 9.3747024
                },
                "TrainerController.advance": {
                    "total": 81.7062617,
                    "count": 1,
                    "self": 3.4899999988624586e-05,
                    "children": {
                        "env_step": {
                            "total": 81.70622680000001,
                            "count": 1,
                            "self": 81.7062202,
                            "children": {
                                "SubprocessEnvManager._take_step": {
                                    "total": 6.600000000744899e-06,
                                    "count": 1,
                                    "self": 6.600000000744899e-06
                                }
                            }
                        }
                    }
                },
                "TrainerController._save_models": {
                    "total": 0.8273511999999954,
                    "count": 1,
                    "self": 0.02227010000000007,
                    "children": {
                        "RLTrainer._checkpoint": {
                            "total": 0.8050810999999953,
                            "count": 1,
                            "self": 0.8050810999999953
                        }
                    }
                }
            }
        }
    }
}