{
    "name": "root",
    "gauges": {
        "CT_T_Behaviour.Policy.Entropy.mean": {
            "value": 1.41792893409729,
            "min": 1.41792893409729,
            "max": 1.41792893409729,
            "count": 1
        },
        "CT_T_Behaviour.Policy.Entropy.sum": {
            "value": 70953.1640625,
            "min": 70953.1640625,
            "max": 70953.1640625,
            "count": 1
        },
        "CT_T_Behaviour.Environment.EpisodeLength.mean": {
            "value": 277.5202312138728,
            "min": 277.5202312138728,
            "max": 277.5202312138728,
            "count": 1
        },
        "CT_T_Behaviour.Environment.EpisodeLength.sum": {
            "value": 48011.0,
            "min": 48011.0,
            "max": 48011.0,
            "count": 1
        },
        "CT_T_Behaviour.Step.mean": {
            "value": 49976.0,
            "min": 49976.0,
            "max": 49976.0,
            "count": 1
        },
        "CT_T_Behaviour.Step.sum": {
            "value": 49976.0,
            "min": 49976.0,
            "max": 49976.0,
            "count": 1
        },
        "CT_T_Behaviour.Policy.ExtrinsicValueEstimate.mean": {
            "value": 0.2949526607990265,
            "min": 0.2949526607990265,
            "max": 0.2949526607990265,
            "count": 1
        },
        "CT_T_Behaviour.Policy.ExtrinsicValueEstimate.sum": {
            "value": 256.9037780761719,
            "min": 256.9037780761719,
            "max": 256.9037780761719,
            "count": 1
        },
        "CT_T_Behaviour.Environment.CumulativeReward.mean": {
            "value": -0.9653179190751445,
            "min": -0.9653179190751445,
            "max": -0.9653179190751445,
            "count": 1
        },
        "CT_T_Behaviour.Environment.CumulativeReward.sum": {
            "value": -167.0,
            "min": -167.0,
            "max": -167.0,
            "count": 1
        },
        "CT_T_Behaviour.Policy.ExtrinsicReward.mean": {
            "value": -0.9653179190751445,
            "min": -0.9653179190751445,
            "max": -0.9653179190751445,
            "count": 1
        },
        "CT_T_Behaviour.Policy.ExtrinsicReward.sum": {
            "value": -167.0,
            "min": -167.0,
            "max": -167.0,
            "count": 1
        },
        "CT_T_Behaviour.Losses.PolicyLoss.mean": {
            "value": 0.02137016059908395,
            "min": 0.02137016059908395,
            "max": 0.02137016059908395,
            "count": 1
        },
        "CT_T_Behaviour.Losses.PolicyLoss.sum": {
            "value": 0.0854806423963358,
            "min": 0.0854806423963358,
            "max": 0.0854806423963358,
            "count": 1
        },
        "CT_T_Behaviour.Losses.ValueLoss.mean": {
            "value": 0.058668582273336746,
            "min": 0.058668582273336746,
            "max": 0.058668582273336746,
            "count": 1
        },
        "CT_T_Behaviour.Losses.ValueLoss.sum": {
            "value": 0.23467432909334698,
            "min": 0.23467432909334698,
            "max": 0.23467432909334698,
            "count": 1
        },
        "CT_T_Behaviour.Policy.LearningRate.mean": {
            "value": 0.00028458045513984995,
            "min": 0.00028458045513984995,
            "max": 0.00028458045513984995,
            "count": 1
        },
        "CT_T_Behaviour.Policy.LearningRate.sum": {
            "value": 0.0011383218205593998,
            "min": 0.0011383218205593998,
            "max": 0.0011383218205593998,
            "count": 1
        },
        "CT_T_Behaviour.Policy.Epsilon.mean": {
            "value": 0.19486015000000004,
            "min": 0.19486015000000004,
            "max": 0.19486015000000004,
            "count": 1
        },
        "CT_T_Behaviour.Policy.Epsilon.sum": {
            "value": 0.7794406000000001,
            "min": 0.7794406000000001,
            "max": 0.7794406000000001,
            "count": 1
        },
        "CT_T_Behaviour.Policy.Beta.mean": {
            "value": 0.004743521485,
            "min": 0.004743521485,
            "max": 0.004743521485,
            "count": 1
        },
        "CT_T_Behaviour.Policy.Beta.sum": {
            "value": 0.01897408594,
            "min": 0.01897408594,
            "max": 0.01897408594,
            "count": 1
        },
        "CT_T_Behaviour.IsTraining.mean": {
            "value": 1.0,
            "min": 1.0,
            "max": 1.0,
            "count": 1
        },
        "CT_T_Behaviour.IsTraining.sum": {
            "value": 1.0,
            "min": 1.0,
            "max": 1.0,
            "count": 1
        }
    },
    "metadata": {
        "timer_format_version": "0.1.0",
        "start_time_seconds": "1646134042",
        "python_version": "3.7.9 (tags/v3.7.9:13c94747c7, Aug 17 2020, 18:58:18) [MSC v.1900 64 bit (AMD64)]",
        "command_line_arguments": "C:\\Users\\jackl\\Documents\\GitHub\\MLADA-ML-CS\\venv\\Scripts\\mlagents-learn --run-id=BodyBag",
        "mlagents_version": "0.28.0",
        "mlagents_envs_version": "0.28.0",
        "communication_protocol_version": "1.5.0",
        "pytorch_version": "1.7.0+cu110",
        "numpy_version": "1.21.5",
        "end_time_seconds": "1646135082"
    },
    "total": 1039.6262342,
    "count": 1,
    "self": 0.008412300000145478,
    "children": {
        "run_training.setup": {
            "total": 0.11062539999999998,
            "count": 1,
            "self": 0.11062539999999998
        },
        "TrainerController.start_learning": {
            "total": 1039.5071965,
            "count": 1,
            "self": 1.561878200009005,
            "children": {
                "TrainerController._reset_env": {
                    "total": 8.396876200000001,
                    "count": 1,
                    "self": 8.396876200000001
                },
                "TrainerController.advance": {
                    "total": 1029.4362210999911,
                    "count": 98866,
                    "self": 1.5907317999844963,
                    "children": {
                        "env_step": {
                            "total": 1002.5714044999992,
                            "count": 98866,
                            "self": 790.24911059998,
                            "children": {
                                "SubprocessEnvManager._take_step": {
                                    "total": 211.3214614000083,
                                    "count": 98866,
                                    "self": 4.543885400011192,
                                    "children": {
                                        "TorchPolicy.evaluate": {
                                            "total": 206.7775759999971,
                                            "count": 98717,
                                            "self": 102.87262899998856,
                                            "children": {
                                                "TorchPolicy.sample_actions": {
                                                    "total": 103.90494700000855,
                                                    "count": 98717,
                                                    "self": 103.90494700000855
                                                }
                                            }
                                        }
                                    }
                                },
                                "workers": {
                                    "total": 1.0008325000109117,
                                    "count": 98865,
                                    "self": 0.0,
                                    "children": {
                                        "worker_root": {
                                            "total": 966.3102709000042,
                                            "count": 98865,
                                            "is_parallel": true,