{
    "name": "root",
    "gauges": {
        "OGSC.Policy.Entropy.mean": {
            "value": 1.3306326866149902,
            "min": 1.3306326866149902,
            "max": 1.3779436349868774,
            "count": 5
        },
        "OGSC.Policy.Entropy.sum": {
            "value": 13255.7626953125,
            "min": 13255.7626953125,
            "max": 13808.373046875,
            "count": 5
        },
        "OGSC.Environment.EpisodeLength.mean": {
            "value": 2441.5,
            "min": 271.6363636363636,
            "max": 2581.5,
            "count": 5
        },
        "OGSC.Environment.EpisodeLength.sum": {
            "value": 9766.0,
            "min": 8964.0,
            "max": 10326.0,
            "count": 5
        },
        "OGSC.Step.mean": {
            "value": 49943.0,
            "min": 9957.0,
            "max": 49943.0,
            "count": 5
        },
        "OGSC.Step.sum": {
            "value": 49943.0,
            "min": 9957.0,
            "max": 49943.0,
            "count": 5
        },
        "OGSC.Policy.ExtrinsicValueEstimate.mean": {
            "value": 0.016673389822244644,
            "min": 0.016673389822244644,
            "max": 0.655678927898407,
            "count": 5
        },
        "OGSC.Policy.ExtrinsicValueEstimate.sum": {
            "value": 2.617722272872925,
            "min": 2.617722272872925,
            "max": 114.74381256103516,
            "count": 5
        },
        "OGSC.Environment.CumulativeReward.mean": {
            "value": 0.5,
            "min": 0.377777776784367,
            "max": 1.9363636363184813,
            "count": 5
        },
        "OGSC.Environment.CumulativeReward.sum": {
            "value": 2.0,
            "min": 2.0,
            "max": 63.899999998509884,
            "count": 5
        },
        "OGSC.Policy.ExtrinsicReward.mean": {
            "value": 0.5,
            "min": 0.377777776784367,
            "max": 1.9363636363184813,
            "count": 5
        },
        "OGSC.Policy.ExtrinsicReward.sum": {
            "value": 2.0,
            "min": 2.0,
            "max": 63.899999998509884,
            "count": 5
        },
        "OGSC.Losses.PolicyLoss.mean": {
            "value": 0.23991278025554008,
            "min": 0.23991278025554008,
            "max": 0.24560186698307268,
            "count": 5
        },
        "OGSC.Losses.PolicyLoss.sum": {
            "value": 18.713196859932125,
            "min": 18.512602798161872,
            "max": 19.40254749166274,
            "count": 5
        },
        "OGSC.Losses.ValueLoss.mean": {
            "value": 0.0010070124897584099,
            "min": 0.0010070124897584099,
            "max": 0.04618726369487719,
            "count": 5
        },
        "OGSC.Losses.ValueLoss.sum": {
            "value": 0.07854697420115597,
            "min": 0.07854697420115597,
            "max": 3.510232040810666,
            "count": 5
        },
        "OGSC.Policy.LearningRate.mean": {
            "value": 3.0221474541589743e-05,
            "min": 3.0221474541589743e-05,
            "max": 0.0002699257205510789,
            "count": 5
        },
        "OGSC.Policy.LearningRate.sum": {
            "value": 0.002357275014244,
            "min": 0.002357275014244,
            "max": 0.020514354761881997,
            "count": 5
        },
        "OGSC.Policy.Epsilon.mean": {
            "value": 0.11007379487179489,
            "min": 0.11007379487179489,
            "max": 0.18997523684210527,
            "count": 5
        },
        "OGSC.Policy.Epsilon.sum": {
            "value": 8.585756000000002,
            "min": 8.585756000000002,
            "max": 14.438118,
            "count": 5
        },
        "OGSC.Policy.Beta.mean": {
            "value": 5.936159487179486e-05,
            "min": 5.936159487179486e-05,
            "max": 0.0004508786605263157,
            "count": 5
        },
        "OGSC.Policy.Beta.sum": {
            "value": 0.004630204399999999,
            "min": 0.004630204399999999,
            "max": 0.034266778199999993,
            "count": 5
        },
        "OGSC.IsTraining.mean": {
            "value": 1.0,
            "min": 1.0,
            "max": 1.0,
            "count": 5
        },
        "OGSC.IsTraining.sum": {
            "value": 1.0,
            "min": 1.0,
            "max": 1.0,
            "count": 5
        }
    },
    "metadata": {
        "timer_format_version": "0.1.0",
        "start_time_seconds": "1646216380",
        "python_version": "3.7.9 (tags/v3.7.9:13c94747c7, Aug 17 2020, 18:58:18) [MSC v.1900 64 bit (AMD64)]",
        "command_line_arguments": "C:\\Users\\jackl\\Documents\\GitHub\\MLADA-ML-CS\\venv\\Scripts\\mlagents-learn config/OGSC.yaml --initialize-from=BasicsTest --run-id=RotationTest",
        "mlagents_version": "0.28.0",
        "mlagents_envs_version": "0.28.0",
        "communication_protocol_version": "1.5.0",
        "pytorch_version": "1.7.0+cu110",
        "numpy_version": "1.21.5",
        "end_time_seconds": "1646217140"
    },
    "total": 760.5987667,
    "count": 1,
    "self": 0.01248400000008587,
    "children": {
        "run_training.setup": {
            "total": 0.12675979999999987,
            "count": 1,
            "self": 0.12675979999999987
        },
        "TrainerController.start_learning": {
            "total": 760.4595229,
            "count": 1,
            "self": 0.9241423999943663,
            "children": {
                "TrainerController._reset_env": {
                    "total": 8.1149821,
                    "count": 1,
                    "self": 8.1149821
                },
                "TrainerController.advance": {
                    "total": 751.3194526000057,
                    "count": 50062,
                    "self": 0.91505740001719,
                    "children": {
                        "env_step": {
                            "total": 563.1799539999864,
                            "count": 50062,
                            "self": 446.15670299998357,
                            "children": {
                                "SubprocessEnvManager._take_step": {
                                    "total": 116.46763560000593,
                                    "count": 50062,
                                    "self": 2.7788349000052364,
                                    "children": {
                                        "TorchPolicy.evaluate": {
                                            "total": 113.6888007000007,
                                            "count": 50007,
                                            "self": 58.25633269999571,
                                            "children": {
                                                "TorchPolicy.sample_actions": {
                                                    "total": 55.43246800000499,
                                                    "count": 50007,
                                                    "self": 55.43246800000499
                                                }
                                            }
                                        }
                                    }
                                },
                                "workers": {
                                    "total": 0.5556153999969293,
                                    "count": 50062,
                                    "self": 0.0,
                                    "children": {
                                        "worker_root": {
                                            "total": 750.9199566000026,
                                            "count": 50062,
                                            "is_parallel": true,
                                            "self": 363.293821300002,